<?xml version="1.0" encoding="UTF-8"?>
<project xmlns="http://www.netbeans.org/ns/project/1">
    <type>org.netbeans.modules.ant.freeform</type>
    <configuration>
        <general-data xmlns="http://www.netbeans.org/ns/freeform-project/1">
            <name>VisualSceneMakerKristina</name>
        </general-data>
        <general-data xmlns="http://www.netbeans.org/ns/freeform-project/2">
            <!-- Do not use Project Properties customizer when editing this file manually. 
 To prevent the customizer from showing, create nbproject/project.properties file and enter 
auxiliary.show.customizer=false 
property there. Adding 
auxiliary.show.customizer.message=<message>
 will show your customized message when someone attempts to open the customizer.  -->
            <name>VisualSceneMakerKristina</name>
            <properties/>
            <folders>
                <source-folder>
                    <label>..\res</label>
                    <type>java</type>
                    <location>../res</location>
                    <encoding>UTF-8</encoding>
                </source-folder>
                <source-folder>
                    <label>..\src</label>
                    <type>java</type>
                    <location>../src</location>
                    <encoding>UTF-8</encoding>
                </source-folder>
                <source-folder>
                    <label>..\src</label>
                    <location>../src</location>
                </source-folder>
                <source-folder>
                    <label>..\res</label>
                    <location>../res</location>
                </source-folder>
                <source-folder>
                    <label>VisualSceneMakerKristina</label>
                    <location>.</location>
                    <encoding>UTF-8</encoding>
                </source-folder>
            </folders>
            <ide-actions>
                <action name="build">
                    <target>build</target>
                </action>
                <action name="clean">
                    <target>clean</target>
                </action>
                <action name="javadoc">
                    <target>jdocs</target>
                </action>
                <action name="run">
                    <target>exec</target>
                </action>
                <action name="test">
                    <target>test</target>
                </action>
                <action name="rebuild">
                    <target>clean</target>
                    <target>build</target>
                </action>
            </ide-actions>
            <view>
                <items>
                    <source-folder style="packages">
                        <label>..\res</label>
                        <location>../res</location>
                    </source-folder>
                    <source-folder style="packages">
                        <label>..\src</label>
                        <location>../src</location>
                    </source-folder>
                    <source-file>
                        <location>build.xml</location>
                    </source-file>
                </items>
                <context-menu>
                    <ide-action name="build"/>
                    <ide-action name="rebuild"/>
                    <ide-action name="clean"/>
                    <ide-action name="javadoc"/>
                    <ide-action name="run"/>
                    <ide-action name="test"/>
                </context-menu>
            </view>
        </general-data>
        <java-data xmlns="http://www.netbeans.org/ns/freeform-project-java/4">
            <compilation-unit>
                <package-root>../res</package-root>
                <package-root>../src</package-root>
                <classpath mode="compile">../lib/JCup.jar;../lib/JFlex.jar;../lib/JPL3.jar;../lib/javaGeom-0.11.1.jar;../lib/ujmp-complete-0.2.5.jar</classpath>
                <source-level>1.8</source-level>
            </compilation-unit>
        </java-data>
    </configuration>
</project>
